date,ETH en EUR,12 days EMA,26 days EMA,MACD,Signal
24/08/15,1,,,,
25/08/15,1,,,,
26/08/15,1,,,,
27/08/15,1,,,,
28/08/15,1,,,,
29/08/15,1,,,,
30/08/15,1,,,,
31/08/15,1,,,,
01/09/15,1,,,,
02/09/15,1,,,,
03/09/15,1,,,,
04/09/15,1,1,,,
05/09/15,1,1,,,
06/09/15,1,1,,,
07/09/15,1,1,,,
08/09/15,1,1,,,
09/09/15,1,1,,,
10/09/15,1,1,,,
11/09/15,0,"0,8461538462",,,
12/09/15,0,"0,7159763314",,,
13/09/15,0,"0,6058261265",,,
14/09/15,0,"0,5126221071",,,
15/09/15,0,"0,4337571675",,,
16/09/15,0,"0,3670252956",,,
17/09/15,0,"0,3105598655",,,
18/09/15,0,"0,2627814247","0,6923076923","-0,4295262677",
19/09/15,0,"0,2223535132","0,641025641","-0,4186721279",
20/09/15,0,"0,1881452804","0,5935422602","-0,4053969798",
21/09/15,0,"0,1591998526","0,5495761669","-0,3903763142",
22/09/15,0,"0,1347075676","0,5088668212","-0,3741592536",
23/09/15,0,"0,1139833264","0,4711729826","-0,3571896561",
24/09/15,0,"0,0964474301","0,4362712801","-0,3398238501",
25/09/15,0,"0,0816093639","0,403954889","-0,3223455251",
26/09/15,0,"0,0690540771","0,3740323047","-0,3049782275","-0,3713853558"
27/09/15,0,"0,058430373","0,346326208","-0,287895835","-0,355648641"
28/09/15,0,"0,0494410848","0,3206724148","-0,27123133","-0,3392663302"
29/09/15,0,"0,0418347641","0,2969189026","-0,2550841385","-0,3225649034"
30/09/15,0,"0,0353986465","0,2749249098","-0,2395262633","-0,3058037866"
01/10/15,0,"0,0299527009","0,2545601017","-0,2246074008","-0,2891869141"
02/10/15,0,"0,0253445931","0,2357037979","-0,2103592048","-0,2728724195"
03/10/15,0,"0,0214454249","0,2182442573","-0,1967988324","-0,2569807508"
04/10/15,0,"0,0181461288","0,202078016","-0,1839318872","-0,2416014577"
05/10/15,0,"0,0153544167","0,1871092741","-0,1717548574","-0,2267988611"
06/10/15,0,"0,0129921987","0,1732493278","-0,1602571291","-0,2126167826"
07/10/15,0,"0,0109933989","0,1604160443","-0,1494226454","-0,1990824843"
08/10/15,0,"0,0093021068","0,1485333744","-0,1392312676","-0,1862099431"
09/10/15,0,"0,0078710134","0,1375309022","-0,1296598888","-0,1740025682"
10/10/15,0,"0,0066600883","0,1273434279","-0,1206833397","-0,1624554503"
11/10/15,0,"0,0056354593","0,1179105814","-0,1122751221","-0,1515572189"
12/10/15,0,"0,0047684656","0,1091764643","-0,1044079987","-0,1412915707"
13/10/15,0,"0,0040348555","0,1010893188","-0,0970544633","-0,1316385236"
14/10/15,0,"0,0034141085","0,0936012211","-0,0901871126","-0,1225754408"
15/10/15,0,"0,002888861","0,0866677973","-0,0837789363","-0,1140778638"
16/10/15,0,"0,0024444209","0,0802479605","-0,0778035396","-0,1061201854"
17/10/15,0,"0,0020683561","0,0743036671","-0,072235311","-0,0986761902"
18/10/15,0,"0,0017501475","0,0687996918","-0,0670495443","-0,0917194853"
19/10/15,0,"0,001480894","0,0637034183","-0,0622225243","-0,0852238391"
20/10/15,0,"0,0012530642","0,0589846466","-0,0577315824","-0,0791634458"
21/10/15,0,"0,0010602851","0,0546154135","-0,0535551284","-0,0735131269"
22/10/15,0,"0,0008971643","0,0505698273","-0,049672663","-0,0682484824"
23/10/15,0,"0,000759139","0,0468239142","-0,0460647752","-0,0633460005"
24/10/15,0,"0,0006423484","0,0433554761","-0,0427131277","-0,0587831329"
25/10/15,0,"0,0005435256","0,0401439593","-0,0396004338","-0,0545383433"
26/10/15,0,"0,0004599062","0,0371703327","-0,0367104265","-0,0505911339"
27/10/15,0,"0,0003891514","0,0344169747","-0,0340278233","-0,0469220538"
28/10/15,0,"0,000329282","0,0318675692","-0,0315382872","-0,0435126942"
29/10/15,1,"0,1541247771","0,1035810826","0,0505436945","-0,0314821078"
30/10/15,0,"0,1304132729","0,0959084098","0,0345048631","-0,0216976643"
31/10/15,0,"0,1103496925","0,0888040832","0,0215456093","-0,013784523"
01/11/15,0,"0,0933728167","0,0822260029","0,0111468138","-0,0074276798"
02/11/15,0,"0,079007768","0,0761351879","0,0028725801","-0,0023626011"
03/11/15,0,"0,0668527267","0,0704955443","-0,0036428176","0,0016326896"
04/11/15,0,"0,0565676919","0,0652736522","-0,0087059603","0,0047442969"
05/11/15,0,"0,04786497","0,0604385668","-0,0125735968","0,0071280999"
06/11/15,0,"0,0405011285","0,055961636","-0,0154605075","0,0089145198"
07/11/15,0,"0,0342701856","0,0518163296","-0,0175461439","0,0013489822"
08/11/15,0,"0,0289978494","0,0479780829","-0,0189802336","-0,0045938063"
09/11/15,0,"0,0245366418","0,0444241509","-0,0198875091","-0,0091974861"
10/11/15,0,"0,0207617738","0,041133473","-0,0203716992","-0,0126995431"
11/11/15,0,"0,0175676548","0,0380865491","-0,0205188943","-0,0152985958"
12/11/15,0,"0,0148649387","0,0352653232","-0,0204003846","-0,0171605477"
13/11/15,0,"0,012578025","0,0326530771","-0,0200750521","-0,0184237801"
14/11/15,0,"0,0106429442","0,0302343306","-0,0195913864","-0,0192035345"
15/11/15,0,"0,0090055682","0,0279947506","-0,0189891824","-0,0195956095"
16/11/15,0,"0,0076200962","0,0259210654","-0,0183009692","-0,019679479"
17/11/15,0,"0,0064477737","0,0240009864","-0,0175532128","-0,0195209211"
18/11/15,0,"0,0054558085","0,0222231356","-0,0167673271","-0,0191742342"
19/11/15,0,"0,0046164533","0,0205769774","-0,0159605241","-0,0186841036"
20/11/15,0,"0,0039062298","0,0190527569","-0,0151465271","-0,018087174"
21/11/15,0,"0,0033052713","0,0176414415","-0,0143361702","-0,0174133724"
22/11/15,0,"0,0027967681","0,0163346681","-0,0135379","-0,0166870221"
23/11/15,0,"0,002366496","0,0151246927","-0,0127581966","-0,0159277788"
24/11/15,0,"0,0020024197","0,0140043451","-0,0120019253","-0,0151514169"
25/11/15,0,"0,0016943552","0,0129669862","-0,011272631","-0,0143704905"
26/11/15,0,"0,0014336851","0,0120064687","-0,0105727835","-0,0135948872"
27/11/15,0,"0,0012131182","0,0111171006","-0,0099039824","-0,0128322934"
28/11/15,0,"0,0010264846","0,0102936117","-0,0092671271","-0,0120885826"
29/11/15,0,"0,0008685639","0,0095311219","-0,008662558","-0,0113681416"
30/11/15,0,"0,0007349387","0,0088251129","-0,0080901742","-0,010674142"
01/12/15,0,"0,0006218712","0,0081714008","-0,0075495296","-0,0100087675"
02/12/15,0,"0,0005261987","0,0075661119","-0,0070399132","-0,0093734027"
03/12/15,0,"0,0004452451","0,0070056592","-0,0065604141","-0,0087687904"
04/12/15,0,"0,0003767458","0,0064867214","-0,0061099756","-0,008195162"
05/12/15,0,"0,0003187849","0,0060062236","-0,0056874386","-0,0076523459"
06/12/15,0,"0,0002697411","0,0055613181","-0,005291577","-0,0071398564"
07/12/15,0,"0,0002282425","0,0051493686","-0,0049211262","-0,0066569674"
08/12/15,0,"0,0001931282","0,0047679339","-0,0045748057","-0,0062027727"
09/12/15,0,"0,0001634162","0,0044147536","-0,0042513374","-0,0057762353"
10/12/15,0,"0,0001382752","0,0040877348","-0,0039494596","-0,0053762275"
11/12/15,0,"0,0001170021","0,0037849397","-0,0036679375","-0,0050015635"
12/12/15,0,"9,90018036691925E-05","0,0035045738","-0,003405572","-0,0046510255"
13/12/15,0,"8,37707569508552E-05","0,0032449757","-0,0031612049","-0,0043233843"
14/12/15,0,"7,08829481891851E-05","0,0030046071","-0,0029337242","-0,004017416"
15/12/15,0,"5,99778792370028E-05","0,0027820436","-0,0027220658","-0,0037319148"
16/12/15,0,"5,07505132005409E-05","0,0025759663","-0,0025252158","-0,0034657025"
17/12/15,0,"4,29427419389192E-05","0,002385154","-0,0023422113","-0,0032176365"
18/12/15,0,"3,63361662560085E-05","0,0022084759","-0,0021721398","-0,0029866145"
19/12/15,0,"0,000030746","0,0020448851","-0,0020141391","-0,0027715789"
20/12/15,0,"2,60158350116984E-05","0,0018934122","-0,0018673963","-0,0025715188"
21/12/15,0,"2,20133988560525E-05","0,0017531594","-0,001731146","-0,0023854715"
22/12/15,0,"1,86267221089675E-05","0,0016232957","-0,001604669","-0,002212523"
23/12/15,0,"1,57610725537417E-05","0,0015030516","-0,0014872905","-0,0020518082"
24/12/15,0,"1,33362921608584E-05","0,0013917145","-0,0013783782","-0,0019025096"
25/12/15,0,"1,12845549053417E-05","0,0012886245","-0,0012773399","-0,0017638567"
26/12/15,0,"9,54846953528915E-06","0,0011931708","-0,0011836224","-0,0016351246"
27/12/15,0,"8,07947422216774E-06","0,0011047878","-0,0010967083","-0,0015156322"
28/12/15,0,"6,83647818798809E-06","0,0010229517","-0,0010161152","-0,0014047407"
29/12/15,0,"5,784712312913E-06","0,0009471775","-0,0009413928","-0,0013018514"
30/12/15,0,"4,89475657246484E-06","0,0008770162","-0,0008721214","-0,0012064042"
31/12/15,0,"4,14171709977794E-06","0,000812052","-0,0008079103","-0,0011178754"
01/01/16,0,"3,50452985365826E-06","0,0007519","-0,0007483955","-0,001035776"
02/01/16,0,"2,96537141463391E-06","0,0006962037","-0,0006932383","-0,0009596494"
03/01/16,0,"2,50916042776716E-06","0,0006446331","-0,0006421239","-0,0008890698"
04/01/16,0,"2,12313574657221E-06","0,0005968825","-0,0005947593","-0,0008236406"
05/01/16,0,"1,79649947786879E-06","0,000552669","-0,0005508725","-0,0007629921"
06/01/16,0,"1,52011494281206E-06","0,0005117305","-0,0005102104","-0,0007067805"
07/01/16,0,"1,28625110545635E-06","0,0004738246","-0,0004725383","-0,0006546856"
08/01/16,0,"1,08836632000153E-06","0,0004387264","-0,0004376381","-0,0006064096"
09/01/16,0,"9,20925347693603E-07","0,0004062282","-0,0004053073","-0,000561676"
10/01/16,0,"7,7924452497151E-07","0,0003761372","-0,000375358","-0,0005202273"
11/01/16,0,"6,5936075189897E-07","0,0003482752","-0,0003476158","-0,0004818248"
12/01/16,1,"0,1538467118","0,0743965511","0,0794501607","0,0084173179"
13/01/16,1,"0,2840241407","0,1429597695","0,1410643712","0,0241572213"
14/01/16,1,"0,3941742729","0,2064442311","0,1877300419","0,0450773229"
15/01/16,1,"0,4873782309","0,2652261399","0,2221520911","0,0698175786"
16/01/16,1,"0,5662431185","0,3196538332","0,2465892853","0,0972688923"
17/01/16,1,"0,6329749464","0,3700498456","0,2629251008","0,1265314189"
18/01/16,1,"0,6894403393","0,41671282","0,2727275193","0,1568795107"
19/01/16,1,"0,7372187486","0,4599192777","0,2772994709","0,1877322695"
20/01/16,1,"0,7776466334","0,4999252572","0,2777213763","0,2186288241"
21/01/16,1,"0,8118548437","0,5369678307","0,274887013","0,24034403"
22/01/16,1,"0,8408002523","0,5712665099","0,2695337424","0,2546184045"
23/01/16,1,"0,8652925212","0,6030245462","0,262267975","0,2629003971"
24/01/16,1,"0,8860167487","0,6324301354","0,2535866133","0,2663931218"
25/01/16,2,"1,0573987874","0,7337316068","0,3236671805","0,2749573324"
26/01/16,2,"1,2024143586","0,8275292656","0,374885093","0,2873973315"
27/01/16,2,"1,3251198419","0,9143789496","0,4107408922","0,3027321507"
28/01/16,2,"1,4289475585","0,9947953237","0,4341522348","0,3201602356"
29/01/16,2,"1,5168017803","1,0692549294","0,4475468509","0,3390297328"
30/01/16,2,"1,5911399679","1,1381990087","0,4529409592","0,3588135046"
31/01/16,2,"1,6540415113","1,2020361192","0,4520053922","0,3790881323"
01/02/16,2,"1,7072658942","1,2611445548","0,4461213394","0,3995162839"
02/02/16,2,"1,7523019105","1,3158745878","0,4364273227","0,4198319183"
03/02/16,2,"1,7904093089","1,3665505442","0,4238587646","0,4309643166"
04/02/16,2,"1,8226540306","1,4134727261","0,4091813044","0,4347750067"
05/02/16,2,"1,8499380259","1,4569191909","0,393018835","0,4328058893"
06/02/16,2,"1,8730244834","1,4971473989","0,3758770845","0,4263308726"
07/02/16,2,"1,8925591783","1,5343957398","0,3581634385","0,4163993823"
08/02/16,2,"1,9090885355","1,5688849442","0,3402035912","0,4038730081"
09/02/16,3,"2,0769210685","1,6748934669","0,4020276016","0,3983199202"
10/02/16,3,"2,2189332118","1,7730495064","0,4458837054","0,3982935165"
11/02/16,5,"2,6467896407","2,0120828763","0,6347067645","0,4203245655"
12/02/16,4,"2,8549758499","2,1593359965","0,6956398533","0,4505224643"
13/02/16,4,"3,0311334114","2,2956814783","0,7354519331","0,4867747564"
14/02/16,4,"3,1801898097","2,4219272947","0,758262515","0,5273573875"
15/02/16,4,"3,3063144543","2,5388215692","0,7674928852","0,5708702542"
16/02/16,3,"3,2591891537","2,5729829344","0,6862062192","0,6073194521"
17/02/16,3,"3,2193138993","2,6046138282","0,6147000711","0,6378190609"
18/02/16,3,"3,1855732994","2,6339016927","0,5516716066","0,6544461726"
19/02/16,4,"3,3108697149","2,7350941599","0,5757755549","0,6688786003"
20/02/16,3,"3,2630436049","2,7547168148","0,5083267901","0,654836381"
21/02/16,4,"3,3764215118","2,8469600137","0,5294614981","0,6363721193"
22/02/16,5,"3,6262028177","3,0064444571","0,6197583606","0,6235172779"
23/02/16,5,"3,8375562304","3,1541152381","0,6834409923","0,6152037754"
24/02/16,5,"4,0163937334","3,2908474426","0,7255462907","0,6105430426"
25/02/16,5,"4,1677177744","3,4174513358","0,7502664386","0,6176608448"
26/02/16,5,"4,2957611937","3,5346771628","0,761084031","0,6339257292"
27/02/16,5,"4,4041056255","3,6432195952","0,7608860303","0,6571717763"
28/02/16,5,"4,4957816831","3,7437218474","0,7520598357","0,6767589186"
29/02/16,5,"4,5733537318","3,8367794883","0,7365742435","0,7021197468"
01/03/16,6,"4,7928377731","3,9970180447","0,7958197284","0,7317151057"
02/03/16,7,"5,1324011926","4,2194611525","0,9129400401","0,7642908478"
03/03/16,8,"5,5735702399","4,4995010671","1,0740691728","0,807693979"
04/03/16,9,"6,1007132799","4,8328713585","1,2678419215","0,8679490491"
05/03/16,9,"6,5467573907","5,1415475541","1,4052098366","0,9407205377"
06/03/16,10,"7,0780254844","5,5014329205","1,5765925639","1,031332597"
07/03/16,8,"7,2198677176","5,6865119634","1,5333557542","1,1171625663"
08/03/16,8,"7,3398880687","5,8578814476","1,4820066211","1,1982677647"
09/03/16,10,"7,7491360582","6,1647050441","1,5844310141","1,2924740725"
10/03/16,10,"8,0954228184","6,4488009667","1,6466218517","1,3870076418"
11/03/16,9,"8,2345885387","6,6377786729","1,5968098658","1,462993178"
12/03/16,11,"8,6600364558","6,9609061786","1,6991302772","1,5324444118"
13/03/16,12,"9,1738770011","7,3341723876","1,8397046135","1,5959847109"
14/03/16,11,"9,4548190009","7,6057151737","1,8491038272","1,6453062654"
15/03/16,11,"9,6925391546","7,8571436794","1,8353954752","1,6740621444"
16/03/16,11,"9,893686977","8,0899478513","1,8037391257","1,7041047413"
17/03/16,9,"9,7561966728","8,1573591215","1,5988375513","1,7170859557"
18/03/16,9,"9,6398587232","8,2197769644","1,4200817588","1,6988249274"
19/03/16,9,"9,5414189196","8,2775712633","1,2638476563","1,6562944612"
20/03/16,9,"9,4581237012","8,3310845031","1,1270391981","1,6040977204"
21/03/16,10,"9,5414892856","8,4547078732","1,0867814124","1,5360589576"
22/03/16,9,"9,4581832417","8,4950998826","0,9630833591","1,438656596"
23/03/16,11,"9,6953858199","8,6806480395","1,0147377804","1,3459492575"
24/03/16,10,"9,7422495399","8,7783778143","0,9638717256","1,2491132853"
25/03/16,9,"9,628057303","8,7947942725","0,8332630305","1,141282608"
26/03/16,9,"9,5314331025","8,8099946968","0,7214384058","1,0437938141"
27/03/16,9,"9,4496741637","8,8240691637","0,625605","0,9555186187"
28/03/16,10,"9,534339677","8,9111751516","0,6231645254","0,8843316041"
29/03/16,10,"9,6059797267","8,991828844","0,6141508826","0,8273440135"
30/03/16,10,"9,6665982303","9,0665081889","0,6000900413","0,7732671945"
31/03/16,10,"9,7178908102","9,1356557305","0,5822350797","0,730950719"
01/04/16,10,"9,761292224","9,1996812319","0,5616109921","0,6806032981"
02/04/16,10,"9,7980164973","9,2589641036","0,5390523936","0,6334011501"
03/04/16,10,"9,8290908823","9,3138556515","0,5152352308","0,5980647279"
04/04/16,9,"9,7015384389","9,2906070847","0,4109313541","0,5635639444"
05/04/16,9,"9,5936094483","9,269080634","0,3245288143","0,5301110349"
06/04/16,9,"9,5022849178","9,2491487352","0,2531361826","0,4889967746"
07/04/16,8,"9,2711641612","9,1566191993","0,1145449619","0,4334850056"
08/04/16,8,"9,0756004441","9,070943703","0,0046567411","0,36732575"
09/04/16,8,"8,9101234527","8,9916145398","-0,0814910871","0,2935783981"
10/04/16,7,"8,6162583061","8,8440875369","-0,2278292308","0,2058628178"
11/04/16,7,"8,3676031821","8,7074884601","-0,339885278","0,1082030765"
12/04/16,6,"8,0033565387","8,5069337593","-0,5035772206","-0,004998307"
13/04/16,7,"7,8489939943","8,3953090364","-0,5463150421","-0,1113590176"
14/04/16,7,"7,7183795336","8,2919528115","-0,5735732779","-0,211148139"
15/04/16,7,"7,6078596054","8,1962526032","-0,5883929979","-0,3046513813"
16/04/16,7,"7,514342743","8,1076412993","-0,5932985563","-0,3833006611"
17/04/16,8,"7,5890592441","8,0996678697","-0,5106086256","-0,4405523685"
18/04/16,8,"7,6522808988","8,0922850646","-0,4400041657","-0,480387155"
19/04/16,7,"7,5519299913","8,0113750598","-0,4594450684","-0,5061222481"
20/04/16,7,"7,467017685","7,9364583887","-0,4694407037","-0,5205172954"
21/04/16,7,"7,3951688104","7,8670911006","-0,4719222903","-0,5170000809"
22/04/16,6,"7,1805274549","7,7287880561","-0,5482606012","-0,5172162541"
23/04/16,7,"7,1527540003","7,6748037557","-0,5220497554","-0,5114914183"
24/04/16,7,"7,1292533849","7,6248182923","-0,4955649074","-0,501177186"
25/04/16,6,"6,9555220949","7,5044613818","-0,5489392869","-0,4962483783"
26/04/16,6,"6,8085186957","7,3930197979","-0,5845011022","-0,5044586535"
27/04/16,6,"6,684131204","7,2898331462","-0,6057019422","-0,5228695175"
28/04/16,6,"6,5788802496","7,1942899502","-0,6154097006","-0,5401989211"
29/04/16,6,"6,4898217496","7,105824028","-0,6160022783","-0,5564835405"
30/04/16,7,"6,5683107112","7,0979852111","-0,5296744999","-0,5629004527"
01/05/16,7,"6,634724448","7,0907270473","-0,4560025993","-0,5526495636"
02/05/16,8,"6,8447668406","7,1580805994","-0,3133137588","-0,5294566751"
03/05/16,8,"7,022495019","7,2204449994","-0,1979499804","-0,4963883498"
04/05/16,8,"7,1728804007","7,2781898143","-0,1053094136","-0,4470961417"
05/05/16,8,"7,3001295698","7,3316572354","-0,0315276656","-0,3856546488"
06/05/16,8,"7,4078019437","7,3811641069","0,0266378368","-0,3153946733"
07/05/16,8,"7,4989093369","7,4270038027","0,0719055343","-0,2390263139"
08/05/16,8,"7,5760002082","7,4694479654","0,1065522428","-0,1587424782"
09/05/16,8,"7,6412309454","7,5087481161","0,1324828293","-0,0851694416"
10/05/16,8,"7,6964261846","7,5451371446","0,15128904","-0,0176925928"
11/05/16,8,"7,7431298485","7,5788306894","0,1642991591","0,0353755092"
12/05/16,8,"7,7826483333","7,6100284161","0,1726199172","0,0765499422"
13/05/16,9,"7,9699332051","7,7129892742","0,2569439309","0,1168003138"
14/05/16,9,"8,1284050197","7,808323402","0,3200816177","0,155868012"
15/05/16,8,"8,1086504013","7,8225216685","0,2861287328","0,1847003338"
16/05/16,9,"8,2457811088","7,9097422857","0,3360388231","0,214048477"
17/05/16,10,"8,5156609382","8,0645761905","0,4510847478","0,2523298664"
18/05/16,12,"9,0517131016","8,3560890652","0,6956240363","0,3149011116"
19/05/16,13,"9,6591418552","8,7000824678","0,9590593874","0,4046533725"
20/05/16,12,"10,0192738774","8,9445208035","1,0747530739","0,5058149186"
21/05/16,12,"10,3240009732","9,1708525959","1,1531483774","0,6147625252"
22/05/16,12,"10,5818469773","9,3804190702","1,2014279071","0,7197051893"
23/05/16,11,"10,6461782116","9,500388028","1,1457901836","0,8114505855"
24/05/16,11,"10,7006123329","9,6114703963","1,0891419366","0,9006742748"
25/05/16,11,"10,746671974","9,714324441","1,032347533","0,9780419092"
26/05/16,11,"10,7856455164","9,8095596676","0,9760858488","1,0363753649"
27/05/16,10,"10,6647769755","9,8236663589","0,8411106166","1,0525405405"
28/05/16,10,"10,5625035946","9,8367281101","0,7257754845","1,0266201068"
29/05/16,10,"10,4759645801","9,8488223242","0,6271422559","0,9768855715"
30/05/16,11,"10,5565854139","9,9340947446","0,6224906693","0,9179236039"
31/05/16,12,"10,7786491964","10,0871247635","0,6915244329","0,8612676624"
01/06/16,12,"10,96654932","10,2288192255","0,7377300945","0,8159276525"
02/06/16,12,"11,1255417323","10,3600178014","0,765523931","0,7799700963"
03/06/16,12,"11,2600737735","10,4814979642","0,7785758093","0,7517732381"
04/06/16,12,"11,3739085776","10,5939795965","0,7799289811","0,7299780306"
05/06/16,12,"11,4702303349","10,698129256","0,7721010788","0,7223103041"
06/06/16,12,"11,5517333603","10,7945641259","0,7571692343","0,7257984986"
07/06/16,12,"11,6206974587","10,8838556722","0,7368417865","0,7379873353"
08/06/16,12,"11,6790516958","10,9665330298","0,712518666","0,747990446"
09/06/16,12,"11,728428358","11,0430861387","0,6853422193","0,7473035334"
10/06/16,12,"11,7702086106","11,1139686469","0,6562399637","0,7382490744"
11/06/16,12,"11,8055611321","11,179600599","0,625960533","0,7227420302"
12/06/16,13,"11,9893209579","11,3144449991","0,6748759588","0,7112198246"
13/06/16,15,"12,452502349","11,5874490732","0,8650532758","0,7206780796"
14/06/16,16,"12,9982712184","11,9143046974","1,0839665209","0,7553297954"
15/06/16,16,"13,4600756463","12,2169487939","1,2431268524","0,8093250863"
16/06/16,18,"14,1585255469","12,6453229573","1,5132025895","0,8955873977"
17/06/16,13,"13,9802908474","12,6715953309","1,3086955165","0,96182927"
18/06/16,10,"13,3679384093","12,4736993804","0,8942390289","0,9850400266"
19/06/16,10,"12,8497940386","12,2904623893","0,5593316494","0,9742724361"
20/06/16,10,"12,4113641865","12,1207985086","0,2905656779","0,9370063411"
21/06/16,11,"12,1942312348","12,0377763969","0,1564548379","0,8794039944"
22/06/16,11,"12,0105033525","11,9609040712","0,0495992813","0,788797995"
23/06/16,12,"12,0088874521","11,9638000659","0,0450873862","0,67336698"
24/06/16,13,"12,1613663056","12,0405556166","0,1208106891","0,5486651841"
25/06/16,13,"12,290386874","12,1116255709","0,1787613031","0,40039393"
26/06/16,12,"12,2457119703","12,1033570101","0,1423549602","0,2708005349"
27/06/16,12,"12,2079101287","12,0957009353","0,1122091935","0,183908331"
28/06/16,11,"12,0220778012","12,014537903","0,0075398982","0,1225981364"
29/06/16,11,"11,8648350626","11,9393869472","-0,0745518847","0,0820295183"
30/06/16,11,"11,7317835145","11,8698027289","-0,1380192144","0,0493101792"
01/07/16,10,"11,4653552815","11,7312988231","-0,2659435416","0,0142498655"
02/07/16,10,"11,2399160074","11,6030544658","-0,3631384584","-0,0311085617"
03/07/16,10,"11,0491596986","11,4843096906","-0,435149992","-0,0928819707"
04/07/16,10,"10,8877505142","11,3743608246","-0,4866103104","-0,16681215"
05/07/16,9,"10,5973273582","11,198482245","-0,6011548868","-0,2494243552"
06/07/16,9,"10,3515846877","11,0356317083","-0,6840470207","-0,3378972679"
07/07/16,9,"10,1436485819","10,8848441744","-0,7411955925","-0,4210901002"
08/07/16,10,"10,1215488","10,8193001615","-0,6977513614","-0,4903344865"
09/07/16,10,"10,1028489847","10,7586112606","-0,655762276","-0,5478614933"
10/07/16,9,"9,9331799101","10,6283437598","-0,6951638497","-0,5955526387"
11/07/16,9,"9,7896137701","10,5077257035","-0,7181119335","-0,6349941359"
12/07/16,9,"9,6681347285","10,3960423181","-0,7279075896","-0,6675227578"
13/07/16,9,"9,5653447703","10,292631776","-0,7272870057","-0,6942646129"
14/07/16,10,"9,6322148056","10,2709553482","-0,6387405425","-0,6984407968"
15/07/16,10,"9,6887971432","10,2508845816","-0,5620874384","-0,6848897321"
16/07/16,10,"9,7366745058","10,2323005386","-0,4956260327","-0,6576042255"
17/07/16,10,"9,7771861203","10,2150930913","-0,437906971","-0,6287326266"
18/07/16,10,"9,8114651787","10,1991602697","-0,387695091","-0,5989473838"
19/07/16,10,"9,8404705358","10,1844076571","-0,3439371213","-0,5599221917"
20/07/16,11,"10,0188596842","10,2448219047","-0,2259622206","-0,5052388903"
21/07/16,11,"10,1698043481","10,3007610229","-0,1309566748","-0,4389110109"
22/07/16,13,"10,6052190638","10,5007046508","0,104514413","-0,346488631"
23/07/16,13,"10,9736469001","10,6858376397","0,2878092605","-0,2435386529"
24/07/16,11,"10,9777012232","10,7091089256","0,2685922976","-0,1512409045"
25/07/16,12,"11,1349779581","10,8047304867","0,3302474714","-0,0594771818"
26/07/16,10,"10,9603659645","10,745120821","0,2152451435","0,0130952754"
27/07/16,11,"10,9664635085","10,7640007602","0,2024627483","0,0786683686"
28/07/16,11,"10,9716229687","10,7814821854","0,1901407833","0,138010358"
29/07/16,11,"10,9759886658","10,7976686901","0,1783199757","0,1829306021"
30/07/16,11,"10,9796827172","10,8126561946","0,1670265227","0,2160398462"
31/07/16,10,"10,8289622992","10,7524594394","0,0765028598","0,2129274514"
01/08/16,9,"10,5475834839","10,6226476291","-0,0750641452","0,1726081841"
02/08/16,7,"10,0018014095","10,3543033603","-0,3525019508","0,1035977121"
03/08/16,9,"9,8476781157","10,2539845928","-0,4063064771","0,0217583845"
04/08/16,10,"9,8711122518","10,2351709193","-0,3640586675","-0,0426087057"
05/08/16,9,"9,7370949823","10,1436767771","-0,4065817949","-0,1102803216"
06/08/16,9,"9,6236957542","10,0589599788","-0,4352642246","-0,1797697669"
07/08/16,9,"9,5277425613","9,9805184989","-0,4527759376","-0,249891535"
08/08/16,10,"9,6003975518","9,9819615731","-0,3815640212","-0,3108460399"
09/08/16,11,"9,8157210054","10,0573718269","-0,2416508215","-0,3461964489"
10/08/16,10,"9,84407162","10,053122062","-0,209050442","-0,3610838153"
11/08/16,10,"9,8680606015","10,0491870944","-0,1811264929","-0,3420420977"
12/08/16,10,"9,8883589705","10,0455436059","-0,1571846354","-0,3143618931"
13/08/16,10,"9,9055345135","10,0421700055","-0,136635492","-0,2890926514"
14/08/16,10,"9,9200676653","10,0390463014","-0,1189786361","-0,2571367448"
15/08/16,10,"9,9323649475","10,0361539828","-0,1037890352","-0,2203061682"
16/08/16,9,"9,7889241864","9,9594018359","-0,1704776495","-0,1889396918"
17/08/16,9,"9,6675512346","9,8883350332","-0,2207837986","-0,1710752226"
18/08/16,9,"9,5648510447","9,8225324382","-0,2576813935","-0,1728563973"
19/08/16,9,"9,477950884","9,7616041094","-0,2836532255","-0,1811455954"
20/08/16,9,"9,4044199787","9,7051889902","-0,3007690115","-0,1944392086"
21/08/16,9,"9,3422015205","9,6529527687","-0,3107512482","-0,2115021656"
22/08/16,9,"9,2895551327","9,604585897","-0,3150307642","-0,2313238625"
23/08/16,9,"9,2450081892","9,5598017564","-0,3147935672","-0,2530810771"
24/08/16,9,"9,2073146216","9,5183349597","-0,311020338","-0,2761067774"
25/08/16,10,"9,3292662183","9,5540138515","-0,2247476332","-0,2821367756"
26/08/16,10,"9,4324560309","9,5870498625","-0,1545938317","-0,2747823348"
27/08/16,9,"9,3659243338","9,5435646875","-0,1776403537","-0,2658888859"
28/08/16,9,"9,3096282825","9,5033006366","-0,1936723541","-0,2558910113"
29/08/16,9,"9,2619931621","9,466019108","-0,2040259459","-0,2451417818"
30/08/16,10,"9,3755326756","9,5055732481","-0,1300405725","-0,2250628178"
31/08/16,10,"9,4716045717","9,542197452","-0,0705928803","-0,197903053"
01/09/16,10,"9,552896176","9,5761087518","-0,0232125758","-0,165505165"
02/09/16,10,"9,6216813797","9,6075081035","0,0141732762","-0,1293725412"
03/09/16,10,"9,6798842444","9,6365815773","0,043302667","-0,0995891745"
04/09/16,10,"9,7291328222","9,6635014605","0,0656313617","-0,0751197086"
05/09/16,10,"9,7708046957","9,6884272782","0,0823774174","-0,0462288451"
06/09/16,10,"9,8060655117","9,7115067391","0,0945587726","-0,0142031644"
07/09/16,10,"9,8359015868","9,7328766103","0,1030249766","0,0199136048"
08/09/16,10,"9,8611474966","9,752663528","0,1084839685","0,0464163315"
09/09/16,10,"9,8825094202","9,7709847482","0,111524672","0,0666516151"
10/09/16,10,"9,900584894","9,7879488409","0,1126360531","0,0817459072"
11/09/16,10,"9,9158795257","9,8036563342","0,1122231915","0,0926403423"
12/09/16,10,"9,9288211371","9,8182003094","0,1106208277","0,1001201379"
13/09/16,10,"9,9397717314","9,8316669532","0,1081047782","0,1048394064"
14/09/16,10,"9,9490376189","9,8441360678","0,1049015511","0,1073420879"
15/09/16,10,"9,9568779852","9,8556815442","0,101196441","0,1080796066"
16/09/16,11,"10,1173582952","9,9404458743","0,1769124209","0,1162893227"
17/09/16,11,"10,2531493267","10,0189313651","0,2342179616","0,1302597663"
18/09/16,11,"10,3680494303","10,0916031158","0,2764463145","0,1485843933"
19/09/16,11,"10,4652725948","10,1588917739","0,306380821","0,1701115897"
20/09/16,12,"10,7013845033","10,295270161","0,4061143423","0,202766162"
21/09/16,12,"10,9011715028","10,4215464454","0,4796250574","0,243766632"
22/09/16,11,"10,916375887","10,4643948568","0,4519810302","0,2819751044"
23/09/16,11,"10,9292411352","10,5040693119","0,4251718233","0,3175606902"
24/09/16,11,"10,9401271144","10,5408049184","0,3993221959","0,3506857741"
25/09/16,11,"10,9493383275","10,5748193689","0,3745189586","0,3726420561"
26/09/16,11,"10,957132431","10,6063142305","0,3508182005","0,3855976382"
27/09/16,11,"10,9637274416","10,6354761393","0,3282513023","0,3913537479"
28/09/16,11,"10,9693078352","10,6624779068","0,3068299284","0,3914036488"
29/09/16,11,"10,9740297067","10,6874795433","0,2865501634","0,37811874"
30/09/16,11,"10,9780251365","10,7106292068","0,2673959297","0,3545377258"
01/10/16,11,"10,9814058847","10,7320640803","0,2493418043","0,3320222563"
02/10/16,11,"10,9842665178","10,7519111855","0,2323553323","0,3105982017"
03/10/16,12,"11,1405332074","10,8443622088","0,2961709986","0,2991369576"
04/10/16,11,"11,1189127139","10,8558909341","0,2630217799","0,2867483822"
05/10/16,11,"11,1006184503","10,8665656797","0,2340527706","0,2737744455"
06/10/16,11,"11,0851386887","10,8764497034","0,2086889853","0,2604897436"
07/10/16,11,"11,0720404289","10,8856015772","0,1864388516","0,2471129573"
08/10/16,10,"10,9071111321","10,8200014604","0,0871096717","0,2249529027"
09/10/16,10,"10,7675555733","10,7592606115","0,0082949618","0,1961639062"
10/10/16,10,"10,6494701005","10,7030190847","-0,0535489842","0,1625093742"
11/10/16,10,"10,5495516235","10,650943597","-0,1013919734","0,1254263402"
12/10/16,10,"10,4650052199","10,6027255527","-0,1377203328","0,0772161923"
13/10/16,10,"10,3934659553","10,5580792155","-0,1646132602","0,0297011878"
14/10/16,10,"10,3329327314","10,5167400144","-0,1838072829","-0,016727707"
15/10/16,10,"10,2817123112","10,4784629763","-0,1967506651","-0,0617765571"
16/10/16,10,"10,2383719556","10,4430212743","-0,2046493187","-0,1052307982"
17/10/16,10,"10,2016993471","10,4102048836","-0,2085055366","-0,1380769325"
18/10/16,11,"10,3245148321","10,4538934108","-0,1293785786","-0,1533739925"
19/10/16,10,"10,2745894733","10,4202716766","-0,1456822033","-0,1636110168"
20/10/16,11,"10,3861910928","10,4632145154","-0,0770234226","-0,1609034001"
21/10/16,11,"10,4806232324","10,5029764031","-0,0223531707","-0,1480848265"
22/10/16,11,"10,5605273505","10,5397929659","0,0207343846","-0,1274906438"
23/10/16,11,"10,6281385273","10,5738823758","0,0542561515","-0,101039151"
24/10/16,10,"10,5315018308","10,5313725702","0,0001292606","-0,0791636037"
25/10/16,10,"10,4497323184","10,4920116391","-0,0422793207","-0,0611224929"
26/10/16,10,"10,3805427309","10,4555663325","-0,0750236015","-0,0462911667"
27/10/16,10,"10,3219976954","10,4218206782","-0,0998229828","-0,0430072116"
28/10/16,10,"10,2724595884","10,390574702","-0,1181151136","-0,0399442017"
29/10/16,9,"10,0766965748","10,2875691686","-0,2108725937","-0,0548163318"
30/10/16,10,"10,0648971018","10,2662677487","-0,2013706469","-0,0747071625"
31/10/16,10,"10,0549129323","10,2465442117","-0,1916312795","-0,0983033474"
01/11/16,9,"9,892618635","10,1542076035","-0,2615889685","-0,1333972496"
02/11/16,9,"9,7552926912","10,0687107439","-0,3134180528","-0,16823584"
03/11/16,9,"9,6390938156","9,9895469851","-0,3504531695","-0,2024773788"
04/11/16,9,"9,5407716901","9,9162472085","-0,3754755183","-0,2358609251"
05/11/16,9,"9,4575760455","9,8483770449","-0,3908009994","-0,2681918158"
06/11/16,9,"9,3871797308","9,7855343008","-0,39835457","-0,2993295332"
07/11/16,9,"9,3276136184","9,7273465748","-0,3997329565","-0,3203140179"
08/11/16,9,"9,2772115232","9,6734690508","-0,3962575275","-0,3419681158"
09/11/16,9,"9,2345635966","9,6235824544","-0,3890188578","-0,3639000689"
10/11/16,9,"9,1984768894","9,5773911615","-0,3789142721","-0,3769362138"
11/11/16,9,"9,1679419833","9,5346214458","-0,3666794625","-0,3828541482"
12/11/16,9,"9,1421047551","9,4950198572","-0,3529151021","-0,3831276962"
13/11/16,9,"9,1202424851","9,4583517197","-0,3381092345","-0,3789758869"
14/11/16,9,"9,1017436413","9,4243997404","-0,3226560992","-0,3714042314"
15/11/16,9,"9,0860907734","9,3929627226","-0,3068719493","-0,3612394957"
16/11/16,9,"9,072846039","9,3638543728","-0,2910083338","-0,3491589821"
17/11/16,9,"9,0616389561","9,336902197","-0,275263241","-0,3357151725"
18/11/16,8,"8,8983098859","9,2378724047","-0,3395625187","-0,3302200237"
19/11/16,9,"8,9139545189","9,2202522265","-0,3062977077","-0,3221515165"
20/11/16,9,"8,9271922852","9,2039372468","-0,2767449616","-0,3121587942"
21/11/16,9,"8,9383934721","9,1888307841","-0,250437312","-0,3007723731"
22/11/16,9,"8,9478713994","9,1748433186","-0,2269719191","-0,2884237825"
23/11/16,9,"8,9558911841","9,1618919617","-0,2060007775","-0,2754620801"
24/11/16,8,"8,808831002","9,0758258904","-0,2669948884","-0,2710312955"
25/11/16,8,"8,6843954632","8,9961350837","-0,3117396205","-0,2733347718"
26/11/16,8,"8,5791038535","8,9223472997","-0,3432434463","-0,280888128"
27/11/16,8,"8,4900109529","8,8540252775","-0,3640143246","-0,2836049953"
28/11/16,8,"8,4146246525","8,7907641459","-0,3761394934","-0,2913651937"
29/11/16,7,"8,1969900906","8,6581149499","-0,4611248593","-0,311851849"
30/11/16,8,"8,1666839228","8,6093656943","-0,4426817715","-0,3332123445"
01/12/16,7,"7,9871940885","8,4901534207","-0,5029593322","-0,3638776126"
02/12/16,7,"7,8353180749","8,3797716858","-0,5444536109","-0,401483483"
03/12/16,7,"7,7068076018","8,2775663758","-0,5707587739","-0,4352350258"
04/12/16,7,"7,5980679708","8,1829318294","-0,5848638586","-0,4655821634"
05/12/16,6,"7,3522113599","8,0212331754","-0,6690218155","-0,50177976"
06/12/16,7,"7,2980249968","7,9455862735","-0,6475612767","-0,5332849769"
07/12/16,7,"7,2521749973","7,8755428458","-0,6233678485","-0,5607547941"
08/12/16,7,"7,2133788439","7,8106878202","-0,5973089763","-0,5758863627"
09/12/16,8,"7,3343974833","7,8247109446","-0,4903134613","-0,5811787727"
10/12/16,7,"7,2829517166","7,763621245","-0,4806695284","-0,5787021278"
11/12/16,7,"7,2394206833","7,7070567084","-0,4676360251","-0,5701668405"
12/12/16,8,"7,3564328859","7,7287562114","-0,3723233256","-0,5481184573"
13/12/16,7,"7,3015970573","7,6747742699","-0,3731772126","-0,5245977189"
14/12/16,7,"7,25519751","7,6247909906","-0,3695934806","-0,4913279039"
15/12/16,7,"7,2159363546","7,5785101765","-0,3625738219","-0,4596626311"
16/12/16,7,"7,182715377","7,5356575708","-0,3529421938","-0,4296153362"
17/12/16,7,"7,154605319","7,4959792322","-0,3413739133","-0,401178107"
18/12/16,7,"7,1308198853","7,4592400299","-0,3284201446","-0,3831899606"
19/12/16,7,"7,1106937491","7,4252222499","-0,3145285008","-0,3647298465"
20/12/16,7,"7,0936639415","7,3937243054","-0,3000603639","-0,3461103286"
21/12/16,7,"7,0792541044","7,3645595421","-0,2853054377","-0,3364416743"
22/12/16,7,"7,0670611652","7,3375551315","-0,2704939663","-0,3250324248"
23/12/16,6,"6,9028979091","7,2384769737","-0,3355790646","-0,3212530452"
24/12/16,6,"6,7639905384","7,1467379386","-0,3827474001","-0,3234945539"
25/12/16,6,"6,6464535325","7,0617943876","-0,415340855","-0,3304277385"
26/12/16,6,"6,5469991429","6,9831429514","-0,4361438085","-0,3409577268"
27/12/16,6,"6,4628454286","6,9103175476","-0,447472119","-0,354185724"
28/12/16,7,"6,5454845934","6,9169606923","-0,3714760988","-0,3605132349"
29/12/16,7,"6,6154100406","6,9231117521","-0,3077017115","-0,3613622735"
30/12/16,7,"6,6745777267","6,9288071779","-0,2542294512","-0,3579093861"
31/12/16,7,"6,7246426918","6,9340807202","-0,2094380284","-0,351125393"
01/01/17,7,"6,7670053546","6,9389636299","-0,1719582753","-0,3329453053"
02/01/17,7,"6,8028506847","6,9434848425","-0,1406341578","-0,306043834"
03/01/17,9,"7,1408736562","7,0958192986","0,0450543577","-0,2548888103"
04/01/17,10,"7,5807392476","7,310943795","0,2697954526","-0,1764511146"
05/01/17,9,"7,7990870557","7,4360590694","0,3630279862","-0,0863955474"
06/01/17,9,"7,9838428932","7,5519065458","0,4319363475","0,0028725022"
07/01/17,9,"8,1401747558","7,6591727276","0,4810020283","0,0905062511"
08/01/17,9,"8,2724555626","7,7584932663","0,5139622964","0,1758608897"
09/01/17,9,"8,3843854761","7,850456728","0,5339287481","0,2584571982"
10/01/17,10,"8,6329415567","8,0096821556","0,6232594011","0,3468147178"
11/01/17,9,"8,6894120864","8,0830390329","0,6063730535","0,429815519"
12/01/17,9,"8,7371948423","8,1509620675","0,5862327748","0,4899464543"
13/01/17,9,"8,7776264051","8,2138537662","0,5637726388","0,5226105861"
14/01/17,9,"8,8118377274","8,2720868206","0,5397509068","0,5422464661"
15/01/17,9,"8,8407857693","8,3260063154","0,514779454","0,5514512557"
16/01/17,9,"8,8652802663","8,3759317735","0,4893484929","0,5523786407"
17/01/17,9,"8,8860063792","8,4221590495","0,4638473297","0,5468103111"
18/01/17,9,"8,9035438593","8,4649620829","0,4385817764","0,5362162031"
19/01/17,9,"8,9183832656","8,5045945212","0,4137887444","0,5129416857"
20/01/17,9,"8,9309396863","8,5412912233","0,3896484629","0,4888611756"
21/01/17,10,"9,0954105038","8,6493437253","0,4460667785","0,473287176"
22/01/17,10,"9,2345781186","8,7493923382","0,4851857803","0,4645553029"
23/01/17,10,"9,3523353311","8,8420299428","0,5103053883","0,4612835786"
24/01/17,9,"9,2981298955","8,8537314285","0,444398467","0,4534634689"
25/01/17,9,"9,2522637578","8,8645661375","0,3876976202","0,4421689275"
26/01/17,9,"9,2134539489","8,8745982755","0,3388556734","0,4282809657"
27/01/17,9,"9,1806148798","8,8838872921","0,2967275877","0,4125193892"
28/01/17,9,"9,1528279752","8,8924882334","0,2603397418","0,3954695"
29/01/17,9,"9,129315979","8,900452068","0,228863911","0,3776045498"
30/01/17,9,"9,109421213","8,9078259889","0,2015952241","0,3504410438"
31/01/17,9,"9,0925871803","8,9146536934","0,1779334868","0,3163019"
01/02/17,9,"9,0783429987","8,9209756421","0,1573673566","0,2770865632"
02/02/17,10,"9,2201363835","9,0009033723","0,2192330112","0,2520681792"
03/02/17,10,"9,3401154014","9,0749105299","0,2652048715","0,2384578738"
04/02/17,10,"9,4416361089","9,1434356758","0,2982004331","0,2339406249"
05/02/17,10,"9,527538246","9,206884885","0,320653361","0,2365990441"
06/02/17,10,"9,6002246697","9,2656341528","0,3345905169","0,2448491303"
07/02/17,10,"9,6617285667","9,320031623","0,3416969437","0,2573861339"
08/02/17,10,"9,7137703256","9,3703996509","0,3433706747","0,2731389617"
09/02/17,10,"9,7578056601","9,4170367138","0,3407689464","0,2912317906"
10/02/17,10,"9,7950663278","9,4602191794","0,3348471484","0,3109517674"
11/02/17,10,"9,8265945851","9,5002029439","0,3263916412","0,3228582819"
12/02/17,10,"9,8532723412","9,5372249481","0,3160473931","0,3285074509"
13/02/17,10,"9,8758458272","9,5715045815","0,3043412456","0,3291897634"
14/02/17,12,"10,2026387768","9,7513931311","0,4512456458","0,3437000173"
15/02/17,12,"10,4791558881","9,9179566028","0,5611992853","0,3688787694"
16/02/17,12,"10,7131319053","10,0721820397","0,6409498657","0,402129094"
17/02/17,11,"10,7572654583","10,140909296","0,6163561624","0,4324608149"
18/02/17,12,"10,9484553878","10,2786197185","0,6698356693","0,4690237841"
19/02/17,12,"11,110231482","10,406129369","0,704102113","0,5100521135"
20/02/17,11,"11,0932727925","10,4501197861","0,6431530064","0,5452478207"
21/02/17,11,"11,0789231321","10,4908516538","0,5880714783","0,5754727191"
22/02/17,11,"11,0667811118","10,5285663461","0,5382147657","0,6014586658"
23/02/17,12,"11,2103532484","10,6375614316","0,5727918168","0,6149637959"
24/02/17,12,"11,331837364","10,738482807","0,593354557","0,6185366038"
25/02/17,12,"11,4346316157","10,831928525","0,6027030907","0,6142869622"
26/02/17,13,"11,675457521","10,9925264121","0,682931109","0,6216841785"
27/02/17,14,"12,0330794409","11,2153022334","0,8177772075","0,6381221272"
28/02/17,14,"12,3356826038","11,421576142","0,9141064618","0,6614559437"
01/03/17,16,"12,8994237417","11,76071865","1,1387050917","0,7165172865"
02/03/17,17,"13,5302816276","12,1488135648","1,3814680627","0,8046724625"
03/03/17,18,"14,2179306079","12,5822347823","1,6356958257","0,9266148025"
04/03/17,17,"14,6459412836","12,9094766502","1,7364646334","1,0559117822"
05/03/17,17,"15,0081041631","13,2124783798","1,7956257832","1,189497474"
06/03/17,18,"15,4683958303","13,567109611","1,9012862193","1,3337844883"
07/03/17,17,"15,704027241","13,8213977879","1,8826294531","1,4670843043"
08/03/17,15,"15,5957153578","13,9087016555","1,6870137023","1,563666137"
09/03/17,16,"15,6579129951","14,063612644","1,5943003511","1,6392432358"
10/03/17,18,"16,0182340727","14,3551968926","1,6630371802","1,6975023568"
11/03/17,20,"16,6308134462","14,7733304561","1,8574829901","1,7503929043"
12/03/17,21,"17,3029959929","15,2345652371","2,0684307558","1,7984745632"
13/03/17,26,"18,6409966094","16,0320048492","2,6089917602","1,8954220217"
14/03/17,26,"19,7731509772","16,7703748604","3,0027761168","2,0295498365"
15/03/17,32,"21,654204673","17,8984952411","3,7557094319","2,2355968602"
16/03/17,41,"24,6304808771","19,6097178158","5,0207630613","2,5842783722"
17/03/17,41,"27,1488684345","21,1941831628","5,9546852717","3,0584641021"
18/03/17,31,"27,7413502138","21,9205399655","5,8208102483","3,5280763129"
19/03/17,39,"29,4734501809","23,1856851533","6,2877650276","4,0419349626"
20/03/17,38,"30,7852270762","24,2830418086","6,5021852676","4,5580129935"
21/03/17,39,"32,0490382952","25,3731868598","6,6758514354","5,0699486245"
22/03/17,37,"32,8107247113","26,2344322776","6,5762924337","5,5107598105"
23/03/17,39,"33,7629209096","27,1800298867","6,5828910229","5,9085503556"
24/03/17,48,"35,9532407697","28,7222498951","7,2309908746","6,2946927381"
25/03/17,46,"37,4988960359","30,0020832362","7,4968127997","6,5698093757"
26/03/17,45,"38,6529120303","31,1130400335","7,5398719969","6,7459412341"
27/03/17,44,"39,4755409488","32,0676296606","7,4079112881","6,9222857941"
28/03/17,46,"40,4793038797","33,0996570932","7,3796467865","7,0436059895"
29/03/17,48,"41,6363340521","34,2033861974","7,4329478547","7,1470240547"
30/03/17,48,"42,6153595825","35,2253575902","7,3900019923","7,2263741166"
31/03/17,46,"43,1360734929","36,0234792502","7,1125942427","7,2859632065"
01/04/17,47,"43,7305237248","36,8365548613","6,8939688635","7,320527411"
02/04/17,45,"43,9258277671","37,4412545012","6,4845732659","7,2375921212"
03/04/17,41,"43,4757004183","37,7048652789","5,7708351395","7,0458168256"
04/04/17,41,"43,0948234309","37,9489493323","5,1458740986","6,7798170591"
05/04/17,42,"42,9263890569","38,2490271595","4,6773618974","6,4764226824"
06/04/17,41,"42,6300215097","38,4528029255","4,1772185842","6,1205973265"
07/04/17,39,"42,071556662","38,4933360421","3,5782206199","5,6922943005"
08/04/17,41,"41,906701791","38,6790148538","3,2276869372","5,2298148499"
09/04/17,40,"41,6133630539","38,7768656054","2,8364974485","4,7546929839"
10/04/17,41,"41,5189995071","38,9415422272","2,5774572799","4,2750805857"
11/04/17,41,"41,4391534291","39,0940205807","2,3451328484","3,8151427615"
12/04/17,43,"41,6792836708","39,3833523896","2,2959312812","3,4290423328"
13/04/17,46,"42,3440092599","39,8734744348","2,4705348251","3,1317824135"
14/04/17,44,"42,5987770661","40,1791429952","2,4196340709","2,8809237661"
15/04/17,45,"42,968195979","40,5362435141","2,4319524649","2,6870053085"
16/04/17,45,"43,280781213","40,8668921426","2,4138890703","2,5576351363"
17/04/17,44,"43,3914302571","41,0989742061","2,292456051","2,4537205934"
18/04/17,46,"43,7927486791","41,4620131538","2,3307355253","2,3975248241"
19/04/17,44,"43,8246334977","41,6500121795","2,1746213182","2,3527652728"
20/04/17,45,"44,0054591135","41,8981594254","2,107299688","2,3263393661"
21/04/17,44,"44,0046192498","42,0538513199","1,95076793","2,2879878826"
22/04/17,44,"44,003908596","42,1980104814","1,8058981147","2,2141393593"
23/04/17,44,"44,0033072736","42,3314911864","1,6718160871","2,1310484722"
24/04/17,46,"44,3104907699","42,60323258","1,7072581899","2,0505268861"
25/04/17,45,"44,416569113","42,7807709074","1,6357982056","1,9640723455"
26/04/17,48,"44,9678661726","43,1673804699","1,8004857027","1,9094089735"
27/04/17,57,"46,8189636845","44,1920189536","2,6269447309","1,9423211075"
28/04/17,64,"49,4622000407","45,6592768089","3,8029232318","2,1232435423"
29/04/17,62,"51,3910923421","46,8697007489","4,5213915932","2,3914759762"
30/04/17,71,"54,4078473664","48,6571303231","5,7507170433","2,8136925444"
01/05/17,66,"56,1912554639","49,9417873362","6,2494681277","3,3074225458"
02/05/17,69,"58,1618315464","51,3535067928","6,8083247536","3,878145731"
03/05/17,73,"60,4446266931","52,9569507341","7,487675959","4,520414372"
04/05/17,84,"64,0685302788","55,2564358649","8,8120944139","5,3177806174"
05/05/17,81,"66,6733717743","57,1633665415","9,5100052328","6,1743938985"
06/05/17,84,"69,339006886","59,1512653162","10,1877415697","7,0144824361"
07/05/17,82,"71,2868519804","60,8437641817","10,4430877987","7,7522784991"
08/05/17,78,"72,3196439835","62,1145964645","10,2050475189","8,3837958242"
09/05/17,79,"73,3473910629","63,3653670968","9,9820239661","8,8539410378"
10/05/17,80,"74,3708693609","64,5975621267","9,7733072343","9,2454787163"
11/05/17,81,"75,3907356131","65,8125575247","9,5781780884","9,553240198"
12/05/17,78,"75,7921609034","66,7153310414","9,076829862","9,7298128539"
13/05/17,80,"76,4395207644","67,6993805939","8,7401401705","9,7218179379"
14/05/17,81,"77,1411329545","68,684611661","8,4565212935","9,6047641669"
15/05/17,83,"78,0424971153","69,7450107972","8,2974863181","9,3947358056"
16/05/17,79,"78,1898052514","70,430565553","7,7592396985","9,0965304612"
17/05/17,78,"78,1606044435","70,9912644009","7,1693400426","8,7592296305"
18/05/17,86,"79,3666652984","72,1030225934","7,2636427049","8,4571872681"
19/05/17,110,"84,0794860217","74,910206105","9,1692799167","8,3900731217"
20/05/17,108,"87,7595650953","77,3613019491","10,3982631462","8,4811936837"
21/05/17,130,"94,2580935422","81,2604647677","12,9976287745","8,9168380073"
22/05/17,137,"100,8337714588","85,3893192293","15,4444522294","9,6617615694"
23/05/17,148,"108,0901143113","90,0271474346","18,0629668767","10,729144412"
24/05/17,163,"116,5377890326","95,4325439209","21,1052451117","12,1522287224"
25/05/17,147,"121,2242830276","99,2523554823","21,9719275453","13,7314162609"
26/05/17,141,"124,2667010233","102,3447735947","21,9219274286","15,3705926371"
27/05/17,135,"125,917977789","104,7636792544","21,1542985346","16,9139988404"
28/05/17,149,"129,4690581291","108,0404437541","21,4286143751","18,2761471136"
29/05/17,174,"136,3199722631","112,9263368093","23,3936354538","19,72007737"
30/05/17,199,"145,9630534534","119,3021637123","26,6608897411","21,2382174774"
31/05/17,202,"154,5841221529","125,4279293633","29,1561927896","22,7617442063"
01/06/17,194,"160,6481033601","130,507342003","30,1407613571","24,1037213708"
02/06/17,198,"166,394548997","135,5067981509","30,8877508461","25,1906664524"
03/06/17,199,"171,4107722283","140,2099982879","31,2007739403","26,2160938296"
04/06/17,218,"178,5783457316","145,972220637","32,6061250946","27,4032269036"
05/06/17,219,"184,7970617729","151,381685775","33,4153759979","28,765568844"
06/06/17,234,"192,3667445771","157,5015609027","34,8651836743","30,2585209883"
07/06/17,228,"197,8487838729","162,7236675025","35,1251163704","31,5620188679"
08/06/17,231,"202,9489709694","167,7811736135","35,1677973559","32,5072308251"
09/06/17,251,"210,3414369741","173,9455311236","36,3959058505","33,3116433875"
10/06/17,290,"222,5966005165","182,5421584478","40,0544420688","34,4131634665"
11/06/17,298,"234,197123514","191,0945911553","43,1025323587","35,7703614124"
12/06/17,342,"250,7821814349","202,2727695883","48,5094118466","37,693543402"
13/06/17,343,"264,9695381372","212,697008878","52,2725292592","39,8786994203"
14/06/17,309,"271,7434553469","219,830563776","51,9128915709","41,9339789284"
15/06/17,308,"277,3213852935","226,3616331259","50,9597521676","43,7222643165"
16/06/17,316,"283,2719414022","233,0015121536","50,2704292486","45,4050768585"
17/06/17,328,"290,1531811865","240,0384371793","50,1147440072","47,0658487087"
18/06/17,310,"293,206537927","245,220775166","47,9857627611","48,3536105876"
19/06/17,315,"296,5593782459","250,3896066352","46,1697716108","49,0330916479"
20/06/17,313,"299,0887046696","255,0274135511","44,0612911186","49,139620399"
21/06/17,288,"297,3827501051","257,4698273621","39,912922743","48,184454943"
22/06/17,285,"295,4777116274","259,5090994094","35,968612218","46,3729086051"
23/06/17,291,"294,7888329155","261,8417587124","32,9470742031","44,2655955642"
24/06/17,271,"291,1290124669","262,5201469559","28,608865511","41,7821637135"
25/06/17,246,"284,186087472","261,2964323666","22,8896551055","38,7398554754"
26/06/17,224,"274,9266893994","258,5337336728","16,3929557267","34,9929901109"
27/06/17,248,"270,7841217995","257,7534571044","13,0306646951","31,1090903257"
28/06/17,278,"271,8942569073","259,2532010226","12,6410558847","27,3836774673"
29/06/17,255,"269,29514046","258,938149095","10,356991365","23,6387552724"
30/06/17,245,"265,5574265431","257,9056936065","7,6517329366","20,0541786273"
01/07/17,227,"259,6255147672","255,616382969","4,0091317983","16,5031252473"
02/07/17,249,"257,9908201876","255,1262805268","2,8645396608","13,1606214093"
03/07/17,243,"255,6845401588","254,2280375248","1,4565026339","10,1436922007"
04/07/17,236,"252,6561493651","252,877812523","-0,2216631579","7,5757679492"
05/07/17,233,"249,6321263859","251,4053819657","-1,7732555799","5,5573000263"
06/07/17,233,"247,0733377111","250,0420203386","-2,9686826275","3,7795947682"
07/07/17,212,"241,6774396017","247,2240929061","-5,5466533044","1,7587381917"
08/07/17,216,"237,7270642784","244,9111971353","-7,1841328569","-0,1902756108"
09/07/17,209,"233,3075159279","242,2511084586","-8,9435925308","-2,0342006627"
10/07/17,181,"225,2602057851","237,7139893135","-12,4537835284","-3,8634134768"
11/07/17,166,"216,1432510489","232,401841957","-16,258590908","-5,9882057622"
12/07/17,196,"213,0442893491","229,7054092194","-16,6611198703","-8,0012749294"
13/07/17,180,"207,9605525262","226,023527055","-18,0629745289","-9,9836428595"
14/07/17,172,"202,4281598298","222,0217843102","-19,5936244804","-11,9636838484"
15/07/17,147,"193,9007506252","216,4646151021","-22,5638644768","-14,1409262761"
16/07/17,136,"184,9929428367","210,5042732426","-25,5113304059","-16,3592237318"
17/07/17,165,"181,9171054772","207,1335863358","-25,2164808585","-18,3628179542"
18/07/17,198,"184,3913969423","206,457024385","-22,0656274427","-19,8208218333"
19/07/17,196,"186,1773358742","205,6824299861","-19,5050941119","-20,604300787"
20/07/17,196,"187,6885149705","204,9652129501","-17,2766979796","-20,717423795"
21/07/17,186,"187,4287434366","203,5603823612","-16,1316389246","-20,6585925788"
22/07/17,198,"189,0550906002","203,1485021863","-14,0934115861","-20,2175300296"
23/07/17,196,"190,1235382002","202,6189835058","-12,4954453057","-19,4288434546"
24/07/17,194,"190,7199169386","201,9805402832","-11,2606233446","-18,1729277733"
25/07/17,177,"188,6091604865","200,1301298918","-11,5209694053","-16,6184432177"
26/07/17,175,"186,5154434886","198,2686387887","-11,7531953001","-15,1225226001"
27/07/17,175,"184,743836798","196,5450359155","-11,8011991175","-13,9820305639"
28/07/17,163,"181,3986311368","194,0602184403","-12,6615873035","-13,2216409185"
29/07/17,177,"180,7219186542","192,7964985558","-12,0745799016","-12,6436277988"
30/07/17,168,"178,7647003997","190,959720885","-12,1950204853","-12,20622575"
31/07/17,172,"177,7239772613","189,5552971157","-11,8313198544","-11,9548822242"
01/08/17,192,"179,9202884519","189,7363862183","-9,8160977664","-11,6571769421"
02/08/17,183,"180,3940902285","189,2373946466","-8,8433044181","-11,3885859502"
03/08/17,191,"182,0257686549","189,3679580061","-7,3421893512","-10,9242770553"
04/08/17,187,"182,7910350157","189,1925537093","-6,4015186936","-10,3296463213"
05/08/17,210,"186,9770296286","190,7338460272","-3,7568163985","-9,4358260192"
06/08/17,228,"193,2882558396","193,494301877","-0,2060460374","-8,0518769896"
07/08/17,228,"198,628524172","196,0502795157","2,5782446563","-6,4237853721"
08/08/17,252,"206,8395204532","200,1947032553","6,6448171979","-4,3304700739"
09/08/17,252,"213,7872865373","204,0321326438","9,7551538935","-1,9319729908"
10/08/17,253,"219,8200116854","207,6593820776","12,1606296078","0,5098856063"
11/08/17,264,"226,6169329646","211,832761183","14,7841717816","3,1351607396"
12/08/17,268,"232,9835586624","215,9932973916","16,9902612707","5,8387663643"
